{
  "project_info": {
    "project_number": "1090166128873",
    "firebase_url": "https://islamicprojects-3bc64.firebaseio.com",
    "project_id": "islamicprojects-3bc64",
    "storage_bucket": "islamicprojects-3bc64.appspot.com"
  },
  "client": [
    {
      "client_info": {
        "mobilesdk_app_id": "1:1090166128873:android:7ecde1212c745b96847078",
        "android_client_info": {
          "package_name": "exr.at.com.allahnames"
        }
      },
      "oauth_client": [
        {
          "client_id": "1090166128873-cpgufsa792eot5jq70t5rhvecnjtbi3f.apps.googleusercontent.com",
          "client_type": 1,
          "android_info": {
            "package_name": "exr.at.com.allahnames",
            "certificate_hash": "d281f569f7804632b81c2abac736f7ffc15a7205"
          }
        },
        {
          "client_id": "1090166128873-uc7cpgjjkbmudotsmlcmsa6li10kn4cr.apps.googleusercontent.com",
          "client_type": 3
        }
      ],
      "api_key": [
        {
          "current_key": "AIzaSyDd1ikJvx8NP3CX2Lc0HDa0pFZJDLfHb0I"
        }
      ],
      "services": {
        "appinvite_service": {
          "other_platform_oauth_client": [
            {
              "client_id": "1090166128873-uc7cpgjjkbmudotsmlcmsa6li10kn4cr.apps.googleusercontent.com",
              "client_type": 3
            }
          ]
        }
      }
    }
  ],
  "configuration_version": "1"
}